<?xml version="1.0" encoding="utf-8" ?>
<dwsync>
<file name="login.php" server="pingpostsystem.com" local="130619151108898123" remote="130618773000000000" />
<file name="leadPayday.php" server="pingpostsystem.com" local="384497532695609976" remote="130618771800000000" />
<file name="leadAutoInsurance.php" server="pingpostsystem.com" local="130885056313836746" remote="130884714600000000" />
<file name="leadAutoInsurance.php" server="worldwidewebsolution.com/public_html/" local="130948198274810227" remote="130947820200000000" />
<file name="shortform.php" server="worldwidewebsolution.com/public_html/" local="130948180992351727" remote="130947802800000000" />
<file name="user.php" server="worldwidewebsolution.com/public_html/" local="130946588494768679" remote="130946210400000000" />
<file name="postingspecs.php" server="worldwidewebsolution.com/public_html/" local="130886377800000000" remote="130886377800000000" />
<file name="leadPayday.php" server="worldwidewebsolution.com/public_html/" local="130957783283439872" remote="130957405200000000" />
<file name="publisher.php" server="worldwidewebsolution.com/public_html/" local="130949008265602341" remote="130948630200000000" />
<file name="report.php" server="worldwidewebsolution.com/public_html/" local="130952677626764727" remote="130952299200000000" />
</dwsync>